file,class,method,constructor,line,cbo,cboModified,fanin,fanout,wmc,rfc,loc,returnsQty,variablesQty,parametersQty,methodsInvokedQty,methodsInvokedLocalQty,methodsInvokedIndirectLocalQty,loopQty,comparisonsQty,tryCatchQty,parenthesizedExpsQty,stringLiteralsQty,numbersQty,assignmentsQty,mathOperationsQty,maxNestedBlocksQty,anonymousClassesQty,innerClassesQty,lambdasQty,uniqueWordsQty,modifiers,logStatementsQty,hasJavaDoc
/Users/shravangadbail/Desktop/College/3.2/SE/Project/Project-1/Code/8/project-1-team-27/./reader-web-common/src/main/java/com/sismics/rest/resource/GenericExceptionMapper.java,com.sismics.rest.resource.GenericExceptionMapper,toResponse/1[java.lang.Exception],false,26,3,0,0,0,3,6,15,2,1,1,6,0,0,0,0,1,1,6,0,1,0,1,0,0,0,15,1,2,false
/Users/shravangadbail/Desktop/College/3.2/SE/Project/Project-1/Code/8/project-1-team-27/./reader-web-common/src/main/java/com/sismics/rest/exception/ForbiddenClientException.java,com.sismics.rest.exception.ForbiddenClientException,ForbiddenClientException/0,true,15,0,0,0,0,1,0,3,0,0,0,0,0,0,0,0,0,0,2,0,0,0,0,0,0,0,12,1,0,true
/Users/shravangadbail/Desktop/College/3.2/SE/Project/Project-1/Code/8/project-1-team-27/./reader-web-common/src/main/java/com/sismics/security/AnonymousPrincipal.java,com.sismics.security.AnonymousPrincipal,isAnonymous/0,false,44,0,0,0,0,1,0,3,1,0,0,0,0,0,0,0,0,0,0,0,0,0,0,0,0,0,3,1,0,false
/Users/shravangadbail/Desktop/College/3.2/SE/Project/Project-1/Code/8/project-1-team-27/./reader-web-common/src/main/java/com/sismics/security/AnonymousPrincipal.java,com.sismics.security.AnonymousPrincipal,getEmail/0,false,60,0,0,0,0,1,0,3,1,0,0,0,0,0,0,0,0,0,0,0,0,0,0,0,0,0,3,1,0,false
/Users/shravangadbail/Desktop/College/3.2/SE/Project/Project-1/Code/8/project-1-team-27/./reader-web-common/src/main/java/com/sismics/security/AnonymousPrincipal.java,com.sismics.security.AnonymousPrincipal,"AnonymousPrincipal/2[java.util.Locale,com.sismics.security.DateTimeZone]",true,28,1,1,1,0,1,0,4,0,0,2,0,0,0,0,0,0,0,0,0,2,0,0,0,0,0,9,1,0,true
/Users/shravangadbail/Desktop/College/3.2/SE/Project/Project-1/Code/8/project-1-team-27/./reader-web-common/src/main/java/com/sismics/security/AnonymousPrincipal.java,com.sismics.security.AnonymousPrincipal,getId/0,false,34,0,0,0,0,1,0,3,1,0,0,0,0,0,0,0,0,0,0,0,0,0,0,0,0,0,3,1,0,false
/Users/shravangadbail/Desktop/College/3.2/SE/Project/Project-1/Code/8/project-1-team-27/./reader-web-common/src/main/java/com/sismics/security/AnonymousPrincipal.java,com.sismics.security.AnonymousPrincipal,getName/0,false,39,0,0,0,0,1,0,3,1,0,0,0,0,0,0,0,0,0,0,0,0,0,0,0,0,0,9,1,0,false
/Users/shravangadbail/Desktop/College/3.2/SE/Project/Project-1/Code/8/project-1-team-27/./reader-web-common/src/main/java/com/sismics/security/AnonymousPrincipal.java,com.sismics.security.AnonymousPrincipal,getDateTimeZone/0,false,55,1,0,0,0,1,0,3,1,0,0,0,0,0,0,0,0,0,0,0,0,0,0,0,0,0,5,1,0,false
/Users/shravangadbail/Desktop/College/3.2/SE/Project/Project-1/Code/8/project-1-team-27/./reader-web-common/src/main/java/com/sismics/security/AnonymousPrincipal.java,com.sismics.security.AnonymousPrincipal,getLocale/0,false,49,0,0,0,0,1,0,3,1,0,0,0,0,0,0,0,0,0,0,0,0,0,0,0,0,0,3,1,0,false
/Users/shravangadbail/Desktop/College/3.2/SE/Project/Project-1/Code/8/project-1-team-27/./reader-web-common/src/main/java/com/sismics/util/filter/TokenBasedSecurityFilter.java,com.sismics.util.filter.TokenBasedSecurityFilter,isTokenExpired/1[com.sismics.util.filter.AuthenticationToken],false,74,1,1,1,0,3,5,11,2,3,1,5,0,0,0,1,0,2,0,2,3,4,1,0,0,0,28,10,0,true
/Users/shravangadbail/Desktop/College/3.2/SE/Project/Project-1/Code/8/project-1-team-27/./reader-web-common/src/main/java/com/sismics/util/filter/TokenBasedSecurityFilter.java,com.sismics.util.filter.TokenBasedSecurityFilter,authenticate/1[com.sismics.util.filter.HttpServletRequest],false,87,6,3,0,3,4,9,14,4,4,1,9,3,1,0,2,0,1,0,0,4,0,1,0,0,0,19,4,0,false
/Users/shravangadbail/Desktop/College/3.2/SE/Project/Project-1/Code/8/project-1-team-27/./reader-web-common/src/main/java/com/sismics/util/filter/TokenBasedSecurityFilter.java,com.sismics.util.filter.TokenBasedSecurityFilter,extractAuthToken/1[com.sismics.util.filter.Cookie[]],false,45,1,1,1,0,5,4,4,2,0,1,4,0,0,1,1,0,0,0,0,0,0,3,0,0,0,18,10,0,true
/Users/shravangadbail/Desktop/College/3.2/SE/Project/Project-1/Code/8/project-1-team-27/./reader-web-common/src/main/java/com/sismics/util/filter/TokenBasedSecurityFilter.java,com.sismics.util.filter.TokenBasedSecurityFilter,"handleExpiredToken/2[com.sismics.util.filter.AuthenticationTokenDao,java.lang.String]",false,59,1,1,1,0,3,4,8,0,0,2,4,0,0,0,0,1,0,1,0,0,0,2,0,0,0,16,10,1,true
/Users/shravangadbail/Desktop/College/3.2/SE/Project/Project-1/Code/8/project-1-team-27/./reader-web-common/src/test/java/com/sismics/reader/rest/descriptor/JerseyTestWebAppDescriptorFactory.java,com.sismics.reader.rest.descriptor.JerseyTestWebAppDescriptorFactory,build/0,false,23,4,1,1,0,1,4,6,1,0,0,4,0,0,0,0,0,0,10,0,0,0,0,0,0,0,6,9,0,true
/Users/shravangadbail/Desktop/College/3.2/SE/Project/Project-1/Code/8/project-1-team-27/./reader-web-common/src/main/java/com/sismics/util/filter/SecurityFilter.java,com.sismics.util.filter.SecurityFilter,init/1[com.sismics.util.filter.FilterConfig],false,96,1,0,0,0,1,0,2,0,0,1,0,0,0,0,0,0,0,0,0,0,0,0,0,0,0,6,1,0,false
/Users/shravangadbail/Desktop/College/3.2/SE/Project/Project-1/Code/8/project-1-team-27/./reader-web-common/src/main/java/com/sismics/util/filter/SecurityFilter.java,com.sismics.util.filter.SecurityFilter,injectAnonymousUser/1[com.sismics.util.filter.HttpServletRequest],false,89,2,2,1,1,1,3,4,0,1,1,3,0,0,0,0,0,0,0,0,1,0,0,0,0,0,17,10,0,true
/Users/shravangadbail/Desktop/College/3.2/SE/Project/Project-1/Code/8/project-1-team-27/./reader-web-common/src/main/java/com/sismics/util/filter/SecurityFilter.java,com.sismics.util.filter.SecurityFilter,hasIdentifiedUser/1[com.sismics.util.filter.HttpServletRequest],false,45,2,1,1,0,1,1,3,1,0,1,1,0,0,0,0,0,0,0,0,0,0,0,0,0,0,27,10,0,true
/Users/shravangadbail/Desktop/College/3.2/SE/Project/Project-1/Code/8/project-1-team-27/./reader-web-common/src/main/java/com/sismics/util/filter/SecurityFilter.java,com.sismics.util.filter.SecurityFilter,"injectUser/2[com.sismics.util.filter.HttpServletRequest,com.sismics.util.filter.User]",false,55,3,3,1,2,3,3,4,0,0,2,3,2,1,0,2,0,0,0,0,0,0,1,0,0,0,22,10,0,true
/Users/shravangadbail/Desktop/College/3.2/SE/Project/Project-1/Code/8/project-1-team-27/./reader-web-common/src/main/java/com/sismics/util/filter/SecurityFilter.java,com.sismics.util.filter.SecurityFilter,"injectAuthenticatedUser/2[com.sismics.util.filter.HttpServletRequest,com.sismics.util.filter.User]",false,69,4,4,1,3,1,9,9,0,4,2,9,0,0,0,0,0,0,0,0,4,0,0,0,0,0,26,10,0,true
/Users/shravangadbail/Desktop/College/3.2/SE/Project/Project-1/Code/8/project-1-team-27/./reader-web-common/src/main/java/com/sismics/util/filter/SecurityFilter.java,com.sismics.util.filter.SecurityFilter,"doFilter/3[com.sismics.util.filter.ServletRequest,com.sismics.util.filter.ServletResponse,com.sismics.util.filter.FilterChain]",false,106,6,3,0,3,2,4,8,0,2,3,4,3,2,0,0,0,0,0,0,2,0,1,0,0,0,15,1,0,false
/Users/shravangadbail/Desktop/College/3.2/SE/Project/Project-1/Code/8/project-1-team-27/./reader-web-common/src/main/java/com/sismics/util/filter/SecurityFilter.java,com.sismics.util.filter.SecurityFilter,destroy/0,false,101,0,0,0,0,1,0,2,0,0,0,0,0,0,0,0,0,0,0,0,0,0,0,0,0,0,1,1,0,false
/Users/shravangadbail/Desktop/College/3.2/SE/Project/Project-1/Code/8/project-1-team-27/./reader-web-common/src/main/java/com/sismics/util/filter/SecurityFilter.java,com.sismics.util.filter.SecurityFilter,authenticate/1[com.sismics.util.filter.HttpServletRequest],false,117,2,1,1,0,1,0,1,0,0,1,0,0,0,0,0,0,0,0,0,0,0,0,0,0,0,16,1028,0,true
/Users/shravangadbail/Desktop/College/3.2/SE/Project/Project-1/Code/8/project-1-team-27/./reader-web-common/src/main/java/com/sismics/security/IPrincipal.java,com.sismics.security.IPrincipal,getLocale/0,false,28,0,0,0,0,1,0,1,0,0,0,0,0,0,0,0,0,0,0,0,0,0,0,0,0,0,7,1,0,true
/Users/shravangadbail/Desktop/College/3.2/SE/Project/Project-1/Code/8/project-1-team-27/./reader-web-common/src/main/java/com/sismics/security/IPrincipal.java,com.sismics.security.IPrincipal,isAnonymous/0,false,14,0,0,0,0,1,0,1,0,0,0,0,0,0,0,0,0,0,0,0,0,0,0,0,0,0,6,0,0,true
/Users/shravangadbail/Desktop/College/3.2/SE/Project/Project-1/Code/8/project-1-team-27/./reader-web-common/src/main/java/com/sismics/security/IPrincipal.java,com.sismics.security.IPrincipal,getEmail/0,false,42,0,0,0,0,1,0,1,0,0,0,0,0,0,0,0,0,0,0,0,0,0,0,0,0,0,7,1,0,true
/Users/shravangadbail/Desktop/College/3.2/SE/Project/Project-1/Code/8/project-1-team-27/./reader-web-common/src/main/java/com/sismics/security/IPrincipal.java,com.sismics.security.IPrincipal,getId/0,false,21,0,0,0,0,1,0,1,0,0,0,0,0,0,0,0,0,0,0,0,0,0,0,0,0,0,13,1,0,true
/Users/shravangadbail/Desktop/College/3.2/SE/Project/Project-1/Code/8/project-1-team-27/./reader-web-common/src/main/java/com/sismics/security/IPrincipal.java,com.sismics.security.IPrincipal,getDateTimeZone/0,false,35,1,0,0,0,1,0,1,0,0,0,0,0,0,0,0,0,0,0,0,0,0,0,0,0,0,10,1,0,true
/Users/shravangadbail/Desktop/College/3.2/SE/Project/Project-1/Code/8/project-1-team-27/./reader-web-common/src/main/java/com/sismics/util/filter/RequestContextFilter.java,com.sismics.util.filter.RequestContextFilter,"doFilter/3[com.sismics.util.filter.ServletRequest,com.sismics.util.filter.ServletResponse,com.sismics.util.filter.FilterChain]",false,96,8,0,0,0,14,15,57,0,5,3,15,0,0,0,4,5,0,5,4,6,1,4,0,0,0,33,1,4,false
/Users/shravangadbail/Desktop/College/3.2/SE/Project/Project-1/Code/8/project-1-team-27/./reader-web-common/src/main/java/com/sismics/util/filter/RequestContextFilter.java,com.sismics.util.filter.RequestContextFilter,destroy/0,false,91,0,0,0,0,1,0,2,0,0,0,0,0,0,0,0,0,0,0,0,0,0,0,0,0,0,1,1,0,false
/Users/shravangadbail/Desktop/College/3.2/SE/Project/Project-1/Code/8/project-1-team-27/./reader-web-common/src/main/java/com/sismics/util/filter/RequestContextFilter.java,com.sismics.util.filter.RequestContextFilter,init/1[com.sismics.util.filter.FilterConfig],false,38,3,1,0,1,5,16,28,0,2,1,16,1,1,0,0,1,0,5,0,3,0,1,0,0,1,23,1,4,false
/Users/shravangadbail/Desktop/College/3.2/SE/Project/Project-1/Code/8/project-1-team-27/./reader-web-common/src/main/java/com/sismics/util/filter/RequestContextFilter.java,com.sismics.util.filter.RequestContextFilter,addFileLogger/0,false,77,2,1,1,0,1,11,12,0,1,0,11,0,0,0,0,0,0,4,1,1,1,0,0,0,0,22,2,0,true
/Users/shravangadbail/Desktop/College/3.2/SE/Project/Project-1/Code/8/project-1-team-27/./reader-web-common/src/test/java/com/sismics/reader/rest/BaseJerseyTest.java,com.sismics.reader.rest.BaseJerseyTest,setUp/0,false,77,3,1,0,1,1,4,7,0,0,0,4,1,2,0,0,0,0,0,1,1,0,0,0,0,0,8,1,0,false
/Users/shravangadbail/Desktop/College/3.2/SE/Project/Project-1/Code/8/project-1-team-27/./reader-web-common/src/test/java/com/sismics/reader/rest/BaseJerseyTest.java,com.sismics.reader.rest.BaseJerseyTest,assertIsOk/0,false,231,1,4,3,1,1,1,3,0,0,0,1,1,2,0,0,0,0,0,0,0,0,0,0,0,0,4,1,0,false
/Users/shravangadbail/Desktop/College/3.2/SE/Project/Project-1/Code/8/project-1-team-27/./reader-web-common/src/test/java/com/sismics/reader/rest/BaseJerseyTest.java,com.sismics.reader.rest.BaseJerseyTest,builder/1[com.sismics.reader.rest.WebResource],false,366,3,6,6,0,2,5,7,1,1,1,5,0,0,1,0,0,0,0,0,1,0,1,0,0,0,6,4,0,false
/Users/shravangadbail/Desktop/College/3.2/SE/Project/Project-1/Code/8/project-1-team-27/./reader-web-common/src/test/java/com/sismics/reader/rest/BaseJerseyTest.java,com.sismics.reader.rest.BaseJerseyTest,assertIsBadRequest/0,false,239,1,1,0,1,1,1,3,0,0,0,1,1,2,0,0,0,0,0,0,0,0,0,0,0,0,5,1,0,false
/Users/shravangadbail/Desktop/College/3.2/SE/Project/Project-1/Code/8/project-1-team-27/./reader-web-common/src/test/java/com/sismics/reader/rest/BaseJerseyTest.java,com.sismics.reader.rest.BaseJerseyTest,encodeQuotedPrintable/1[java.lang.String],false,150,0,0,0,0,1,5,7,1,2,1,5,0,0,0,0,0,0,1,0,2,0,0,0,0,0,25,4,0,true
/Users/shravangadbail/Desktop/College/3.2/SE/Project/Project-1/Code/8/project-1-team-27/./reader-web-common/src/test/java/com/sismics/reader/rest/BaseJerseyTest.java,com.sismics.reader.rest.BaseJerseyTest,"login/3[java.lang.String,java.lang.String,java.lang.Boolean]",false,219,1,5,2,3,1,8,6,1,0,3,8,3,4,0,0,0,0,4,0,0,0,0,0,0,0,25,1,0,true
/Users/shravangadbail/Desktop/College/3.2/SE/Project/Project-1/Code/8/project-1-team-27/./reader-web-common/src/test/java/com/sismics/reader/rest/BaseJerseyTest.java,com.sismics.reader.rest.BaseJerseyTest,"PUT/2[java.lang.String,java.util.Map<java.lang.String,java.lang.String>]",false,316,4,4,2,2,2,9,9,0,2,2,9,2,1,1,0,0,0,0,0,3,0,1,0,0,0,20,4,0,false
/Users/shravangadbail/Desktop/College/3.2/SE/Project/Project-1/Code/8/project-1-team-27/./reader-web-common/src/test/java/com/sismics/reader/rest/BaseJerseyTest.java,com.sismics.reader.rest.BaseJerseyTest,startHttpServer/0,false,99,3,3,2,1,1,15,8,0,2,0,15,1,1,0,0,0,1,3,1,3,0,0,0,0,0,22,2,0,true
/Users/shravangadbail/Desktop/College/3.2/SE/Project/Project-1/Code/8/project-1-team-27/./reader-web-common/src/test/java/com/sismics/reader/rest/BaseJerseyTest.java,com.sismics.reader.rest.BaseJerseyTest,POST/1[java.lang.String],false,356,1,2,1,1,1,1,3,0,0,1,1,1,2,0,0,0,0,0,0,0,0,0,0,0,0,5,4,0,false
/Users/shravangadbail/Desktop/College/3.2/SE/Project/Project-1/Code/8/project-1-team-27/./reader-web-common/src/test/java/com/sismics/reader/rest/BaseJerseyTest.java,com.sismics.reader.rest.BaseJerseyTest,"PUT/2[java.lang.String,com.sismics.reader.rest.FormDataMultiPart]",false,326,4,2,0,2,1,6,5,0,1,2,6,2,1,0,0,0,0,0,0,2,0,0,0,0,0,14,4,0,false
/Users/shravangadbail/Desktop/College/3.2/SE/Project/Project-1/Code/8/project-1-team-27/./reader-web-common/src/test/java/com/sismics/reader/rest/BaseJerseyTest.java,com.sismics.reader.rest.BaseJerseyTest,popEmail/0,false,130,2,0,0,0,2,8,12,2,4,0,8,0,0,0,0,0,0,0,2,4,2,1,0,0,0,27,4,0,true
/Users/shravangadbail/Desktop/College/3.2/SE/Project/Project-1/Code/8/project-1-team-27/./reader-web-common/src/test/java/com/sismics/reader/rest/BaseJerseyTest.java,com.sismics.reader.rest.BaseJerseyTest,login/1[java.lang.String],false,265,1,1,0,1,1,1,3,1,0,1,1,1,5,0,0,0,0,1,0,0,0,0,0,0,0,10,1,0,true
/Users/shravangadbail/Desktop/College/3.2/SE/Project/Project-1/Code/8/project-1-team-27/./reader-web-common/src/test/java/com/sismics/reader/rest/BaseJerseyTest.java,com.sismics.reader.rest.BaseJerseyTest,withNetworkDown/1[java.lang.Runnable],false,179,1,1,0,1,1,3,9,0,0,1,3,1,2,0,0,1,0,0,0,0,0,1,0,0,0,29,4,0,true
/Users/shravangadbail/Desktop/College/3.2/SE/Project/Project-1/Code/8/project-1-team-27/./reader-web-common/src/test/java/com/sismics/reader/rest/BaseJerseyTest.java,com.sismics.reader.rest.BaseJerseyTest,assertIsOk/1[com.sismics.reader.rest.ClientResponse],false,235,2,2,1,1,1,1,3,0,0,1,1,1,1,0,0,0,0,0,1,0,0,0,0,0,0,7,1,0,false
/Users/shravangadbail/Desktop/College/3.2/SE/Project/Project-1/Code/8/project-1-team-27/./reader-web-common/src/test/java/com/sismics/reader/rest/BaseJerseyTest.java,com.sismics.reader.rest.BaseJerseyTest,assertIsBadRequest/1[com.sismics.reader.rest.ClientResponse],false,243,2,2,1,1,1,1,3,0,0,1,1,1,1,0,0,0,0,0,1,0,0,0,0,0,0,8,1,0,false
/Users/shravangadbail/Desktop/College/3.2/SE/Project/Project-1/Code/8/project-1-team-27/./reader-web-common/src/test/java/com/sismics/reader/rest/BaseJerseyTest.java,com.sismics.reader.rest.BaseJerseyTest,PUT/1[java.lang.String],false,332,1,1,0,1,1,1,3,0,0,1,1,1,2,0,0,0,0,0,0,0,0,0,0,0,0,4,4,0,false
/Users/shravangadbail/Desktop/College/3.2/SE/Project/Project-1/Code/8/project-1-team-27/./reader-web-common/src/test/java/com/sismics/reader/rest/BaseJerseyTest.java,com.sismics.reader.rest.BaseJerseyTest,addCookiesFromResponse/0,false,374,0,6,6,0,3,5,7,0,0,0,5,0,0,1,0,0,0,0,0,0,0,2,0,0,0,6,2,0,false
/Users/shravangadbail/Desktop/College/3.2/SE/Project/Project-1/Code/8/project-1-team-27/./reader-web-common/src/test/java/com/sismics/reader/rest/BaseJerseyTest.java,com.sismics.reader.rest.BaseJerseyTest,getJsonResult/0,false,382,1,0,0,0,1,1,3,1,0,0,1,0,0,0,0,0,0,0,0,0,0,0,0,0,0,8,4,0,false
/Users/shravangadbail/Desktop/College/3.2/SE/Project/Project-1/Code/8/project-1-team-27/./reader-web-common/src/test/java/com/sismics/reader/rest/BaseJerseyTest.java,com.sismics.reader.rest.BaseJerseyTest,addTempFileHandler/0,false,119,1,1,1,0,1,4,5,0,1,0,4,0,0,0,0,0,0,2,0,1,0,0,0,0,0,18,2,0,true
/Users/shravangadbail/Desktop/College/3.2/SE/Project/Project-1/Code/8/project-1-team-27/./reader-web-common/src/test/java/com/sismics/reader/rest/BaseJerseyTest.java,com.sismics.reader.rest.BaseJerseyTest,"GET/2[java.lang.String,java.util.Map<java.lang.String,java.lang.String>]",false,302,4,2,1,1,2,9,8,0,2,2,9,1,1,1,0,0,0,0,0,3,0,1,0,0,0,16,4,0,false
/Users/shravangadbail/Desktop/College/3.2/SE/Project/Project-1/Code/8/project-1-team-27/./reader-web-common/src/test/java/com/sismics/reader/rest/BaseJerseyTest.java,com.sismics.reader.rest.BaseJerseyTest,DELETE/1[java.lang.String],false,360,3,2,0,2,1,5,5,0,1,1,5,2,1,0,0,0,0,0,0,2,0,0,0,0,0,14,4,0,false
/Users/shravangadbail/Desktop/College/3.2/SE/Project/Project-1/Code/8/project-1-team-27/./reader-web-common/src/test/java/com/sismics/reader/rest/BaseJerseyTest.java,com.sismics.reader.rest.BaseJerseyTest,getAuthenticationCookie/1[com.sismics.reader.rest.ClientResponse],false,284,1,1,1,0,3,4,9,1,1,1,4,0,0,1,0,0,0,0,0,2,0,2,0,0,0,16,1,0,true
/Users/shravangadbail/Desktop/College/3.2/SE/Project/Project-1/Code/8/project-1-team-27/./reader-web-common/src/test/java/com/sismics/reader/rest/BaseJerseyTest.java,com.sismics.reader.rest.BaseJerseyTest,tearDown/0,false,89,1,0,0,0,1,2,5,0,0,0,2,0,0,0,0,0,0,0,0,0,0,0,0,0,0,3,1,0,false
/Users/shravangadbail/Desktop/College/3.2/SE/Project/Project-1/Code/8/project-1-team-27/./reader-web-common/src/test/java/com/sismics/reader/rest/BaseJerseyTest.java,com.sismics.reader.rest.BaseJerseyTest,assertIsForbidden/1[com.sismics.reader.rest.ClientResponse],false,251,2,2,1,1,1,1,3,0,0,1,1,1,1,0,0,0,0,0,1,0,0,0,0,0,0,7,1,0,false
/Users/shravangadbail/Desktop/College/3.2/SE/Project/Project-1/Code/8/project-1-team-27/./reader-web-common/src/test/java/com/sismics/reader/rest/BaseJerseyTest.java,com.sismics.reader.rest.BaseJerseyTest,synchronizeAllFeed/0,false,297,1,0,0,0,1,3,4,0,1,0,3,0,0,0,0,0,0,0,0,1,0,0,0,0,0,10,1,0,true
/Users/shravangadbail/Desktop/College/3.2/SE/Project/Project-1/Code/8/project-1-team-27/./reader-web-common/src/test/java/com/sismics/reader/rest/BaseJerseyTest.java,com.sismics.reader.rest.BaseJerseyTest,"POST/2[java.lang.String,com.sismics.reader.rest.Multimap<java.lang.String,java.lang.String>]",false,346,5,2,0,2,2,9,9,0,2,2,9,2,1,1,0,0,0,0,0,3,0,1,0,0,0,21,4,0,false
/Users/shravangadbail/Desktop/College/3.2/SE/Project/Project-1/Code/8/project-1-team-27/./reader-web-common/src/test/java/com/sismics/reader/rest/BaseJerseyTest.java,com.sismics.reader.rest.BaseJerseyTest,logout/0,false,273,1,3,1,2,1,2,4,0,0,0,2,2,5,0,0,0,0,1,0,0,0,0,0,0,0,13,1,0,true
/Users/shravangadbail/Desktop/College/3.2/SE/Project/Project-1/Code/8/project-1-team-27/./reader-web-common/src/test/java/com/sismics/reader/rest/BaseJerseyTest.java,com.sismics.reader.rest.BaseJerseyTest,assertIsForbidden/0,false,247,1,1,0,1,1,1,3,0,0,0,1,1,2,0,0,0,0,0,0,0,0,0,0,0,0,4,1,0,false
/Users/shravangadbail/Desktop/College/3.2/SE/Project/Project-1/Code/8/project-1-team-27/./reader-web-common/src/test/java/com/sismics/reader/rest/BaseJerseyTest.java,com.sismics.reader.rest.BaseJerseyTest,"assertStatus/2[int,com.sismics.reader.rest.ClientResponse]",false,255,1,3,3,0,1,3,3,0,0,2,3,0,0,0,0,0,0,1,0,0,1,0,0,0,0,5,1,0,false
/Users/shravangadbail/Desktop/College/3.2/SE/Project/Project-1/Code/8/project-1-team-27/./reader-web-common/src/test/java/com/sismics/reader/rest/BaseJerseyTest.java,com.sismics.reader.rest.BaseJerseyTest,"POST/2[java.lang.String,java.util.Map<java.lang.String,java.lang.String>]",false,336,4,4,2,2,2,9,9,0,2,2,9,2,1,1,0,0,0,0,0,3,0,1,0,0,0,21,4,0,false
/Users/shravangadbail/Desktop/College/3.2/SE/Project/Project-1/Code/8/project-1-team-27/./reader-web-common/src/test/java/com/sismics/reader/rest/BaseJerseyTest.java,com.sismics.reader.rest.BaseJerseyTest,GET/1[java.lang.String],false,311,1,2,0,2,1,2,4,0,0,1,2,2,2,0,0,0,0,0,0,0,0,0,0,0,0,8,4,0,false
/Users/shravangadbail/Desktop/College/3.2/SE/Project/Project-1/Code/8/project-1-team-27/./reader-web-common/src/test/java/com/sismics/reader/rest/BaseJerseyTest.java,com.sismics.reader.rest.BaseJerseyTest,createUser/1[java.lang.String],false,194,1,4,0,4,1,5,6,0,0,1,5,4,7,0,0,0,0,10,0,0,1,0,0,0,0,14,1,0,true
/Users/shravangadbail/Desktop/College/3.2/SE/Project/Project-1/Code/8/project-1-team-27/./reader-web-common/src/test/java/com/sismics/reader/rest/BaseJerseyTest.java,com.sismics.reader.rest.BaseJerseyTest,BaseJerseyTest/0,true,71,1,1,0,1,1,1,3,0,0,0,1,0,0,0,0,0,0,0,0,0,0,0,0,0,0,5,1,0,true
/Users/shravangadbail/Desktop/College/3.2/SE/Project/Project-1/Code/8/project-1-team-27/./reader-web-common/src/test/java/com/sismics/reader/rest/BaseJerseyTest.java,com.sismics.reader.rest.BaseJerseyTest,copyTempResource/1[java.lang.String],false,158,0,0,0,0,2,5,9,0,1,1,5,0,0,0,0,1,0,2,0,1,1,1,0,0,0,11,4,0,false
/Users/shravangadbail/Desktop/College/3.2/SE/Project/Project-1/Code/8/project-1-team-27/./reader-web-common/src/main/java/com/sismics/rest/util/ValidationUtil.java,com.sismics.rest.util.ValidationUtil,"validateEmail/2[java.lang.String,java.lang.String]",false,94,1,1,0,1,2,3,5,0,0,2,3,0,0,0,0,0,0,2,0,0,0,1,0,0,0,21,9,0,true
/Users/shravangadbail/Desktop/College/3.2/SE/Project/Project-1/Code/8/project-1-team-27/./reader-web-common/src/main/java/com/sismics/rest/util/ValidationUtil.java,com.sismics.rest.util.ValidationUtil,"validateDate/3[java.lang.String,java.lang.String,boolean]",false,135,2,1,0,1,4,4,16,2,0,3,4,0,0,0,0,1,0,4,0,0,0,2,0,0,0,34,9,0,true
/Users/shravangadbail/Desktop/College/3.2/SE/Project/Project-1/Code/8/project-1-team-27/./reader-web-common/src/main/java/com/sismics/rest/util/ValidationUtil.java,com.sismics.rest.util.ValidationUtil,"validateRequired/2[java.lang.Object,java.lang.String]",false,31,1,1,0,1,2,1,5,0,0,2,1,0,0,0,1,0,0,2,0,0,0,1,0,0,0,24,9,0,true
/Users/shravangadbail/Desktop/College/3.2/SE/Project/Project-1/Code/8/project-1-team-27/./reader-web-common/src/main/java/com/sismics/rest/util/ValidationUtil.java,com.sismics.rest.util.ValidationUtil,"validateHttpUrl/2[java.lang.String,java.lang.String]",false,107,1,2,1,1,2,4,7,1,0,2,4,0,0,0,0,0,0,2,0,1,0,1,0,0,0,33,9,0,true
/Users/shravangadbail/Desktop/College/3.2/SE/Project/Project-1/Code/8/project-1-team-27/./reader-web-common/src/main/java/com/sismics/rest/util/ValidationUtil.java,com.sismics.rest.util.ValidationUtil,"validateAlphanumeric/2[java.lang.String,java.lang.String]",false,121,1,1,0,1,2,3,5,0,0,2,3,0,0,0,0,0,0,2,0,0,0,1,0,0,0,25,9,0,true
/Users/shravangadbail/Desktop/College/3.2/SE/Project/Project-1/Code/8/project-1-team-27/./reader-web-common/src/main/java/com/sismics/rest/util/ValidationUtil.java,com.sismics.rest.util.ValidationUtil,"validateLength/5[java.lang.String,java.lang.String,java.lang.Integer,java.lang.Integer,boolean]",false,47,1,3,2,1,8,4,16,2,0,5,4,0,0,0,3,0,0,6,0,1,0,1,0,0,0,36,9,0,true
/Users/shravangadbail/Desktop/College/3.2/SE/Project/Project-1/Code/8/project-1-team-27/./reader-web-common/src/main/java/com/sismics/rest/util/ValidationUtil.java,com.sismics.rest.util.ValidationUtil,"validateStringNotBlank/2[java.lang.String,java.lang.String]",false,84,1,1,0,1,1,1,3,1,0,2,1,1,1,0,0,0,0,0,1,0,0,0,0,0,0,27,9,0,true
/Users/shravangadbail/Desktop/College/3.2/SE/Project/Project-1/Code/8/project-1-team-27/./reader-web-common/src/main/java/com/sismics/rest/util/ValidationUtil.java,com.sismics.rest.util.ValidationUtil,"validateLength/4[java.lang.String,java.lang.String,java.lang.Integer,java.lang.Integer]",false,73,1,1,0,1,1,1,3,1,0,4,1,1,1,0,0,0,0,0,0,0,0,0,0,0,0,29,9,0,true
/Users/shravangadbail/Desktop/College/3.2/SE/Project/Project-1/Code/8/project-1-team-27/./reader-web-common/src/main/java/com/sismics/rest/exception/ServerException.java,com.sismics.rest.exception.ServerException,"ServerException/3[java.lang.String,java.lang.String,java.lang.Exception]",true,35,0,0,0,0,1,1,4,0,0,3,1,0,0,0,0,0,0,1,0,0,1,0,0,0,0,18,1,1,true
/Users/shravangadbail/Desktop/College/3.2/SE/Project/Project-1/Code/8/project-1-team-27/./reader-web-common/src/main/java/com/sismics/rest/exception/ServerException.java,com.sismics.rest.exception.ServerException,"ServerException/2[java.lang.String,java.lang.String]",true,46,1,0,0,0,1,4,3,0,0,2,4,0,0,0,0,0,0,2,0,0,0,0,0,0,0,16,1,0,true
/Users/shravangadbail/Desktop/College/3.2/SE/Project/Project-1/Code/8/project-1-team-27/./reader-web-common/src/test/java/com/sismics/reader/rest/util/TestValidationUtil.java,com.sismics.reader.rest.util.TestValidationUtil,testValidateHttpUrlFail/0,false,17,2,1,0,1,3,2,17,0,0,0,2,0,0,0,0,2,0,10,0,0,0,1,0,0,0,8,1,0,false
/Users/shravangadbail/Desktop/College/3.2/SE/Project/Project-1/Code/8/project-1-team-27/./reader-web-common/src/test/java/com/sismics/reader/rest/filter/CookieAuthenticationFilter.java,com.sismics.reader.rest.filter.CookieAuthenticationFilter,CookieAuthenticationFilter/1[java.lang.String],true,22,0,0,0,0,1,0,3,0,0,1,0,0,0,0,0,0,0,0,0,1,0,0,0,0,0,5,1,0,false
/Users/shravangadbail/Desktop/College/3.2/SE/Project/Project-1/Code/8/project-1-team-27/./reader-web-common/src/test/java/com/sismics/reader/rest/filter/CookieAuthenticationFilter.java,com.sismics.reader.rest.filter.CookieAuthenticationFilter,handle/1[com.sismics.reader.rest.filter.ClientRequest],false,27,3,0,0,0,3,7,13,1,3,1,7,0,0,0,2,0,0,1,0,3,0,1,0,0,0,16,1,0,false
/Users/shravangadbail/Desktop/College/3.2/SE/Project/Project-1/Code/8/project-1-team-27/./reader-web-common/src/main/java/com/sismics/util/filter/HeaderBasedSecurityFilter.java,com.sismics.util.filter.HeaderBasedSecurityFilter,authenticate/1[com.sismics.util.filter.HttpServletRequest],false,31,2,0,0,0,2,2,5,2,1,1,2,0,0,0,0,0,0,0,0,1,0,1,0,0,0,21,4,0,false
/Users/shravangadbail/Desktop/College/3.2/SE/Project/Project-1/Code/8/project-1-team-27/./reader-web-common/src/main/java/com/sismics/util/filter/HeaderBasedSecurityFilter.java,com.sismics.util.filter.HeaderBasedSecurityFilter,HeaderBasedSecurityFilter/0,true,20,0,0,0,0,1,0,2,0,0,0,0,0,0,0,0,0,0,0,0,0,0,0,0,0,0,4,1,0,false
/Users/shravangadbail/Desktop/College/3.2/SE/Project/Project-1/Code/8/project-1-team-27/./reader-web-common/src/main/java/com/sismics/util/filter/HeaderBasedSecurityFilter.java,com.sismics.util.filter.HeaderBasedSecurityFilter,init/1[com.sismics.util.filter.FilterConfig],false,23,2,0,0,0,1,3,4,0,0,1,3,0,0,0,0,0,0,2,0,2,0,0,0,0,0,8,1,0,false
/Users/shravangadbail/Desktop/College/3.2/SE/Project/Project-1/Code/8/project-1-team-27/./reader-web-common/src/main/java/com/sismics/security/UserPrincipal.java,com.sismics.security.UserPrincipal,getBaseFunctionSet/0,false,135,0,0,0,0,1,0,3,1,0,0,0,0,0,0,0,0,0,0,0,0,0,0,0,0,0,7,1,0,true
/Users/shravangadbail/Desktop/College/3.2/SE/Project/Project-1/Code/8/project-1-team-27/./reader-web-common/src/main/java/com/sismics/security/UserPrincipal.java,com.sismics.security.UserPrincipal,setId/1[java.lang.String],false,70,0,0,0,0,1,0,3,0,0,1,0,0,0,0,0,0,0,0,0,1,0,0,0,0,0,5,1,0,true
/Users/shravangadbail/Desktop/College/3.2/SE/Project/Project-1/Code/8/project-1-team-27/./reader-web-common/src/main/java/com/sismics/security/UserPrincipal.java,com.sismics.security.UserPrincipal,getName/0,false,75,0,0,0,0,1,0,3,1,0,0,0,0,0,0,0,0,0,0,0,0,0,0,0,0,0,3,1,0,false
/Users/shravangadbail/Desktop/College/3.2/SE/Project/Project-1/Code/8/project-1-team-27/./reader-web-common/src/main/java/com/sismics/security/UserPrincipal.java,com.sismics.security.UserPrincipal,setDateTimeZone/1[com.sismics.security.DateTimeZone],false,112,1,0,0,0,1,0,3,0,0,1,0,0,0,0,0,0,0,0,0,1,0,0,0,0,0,7,1,0,true
/Users/shravangadbail/Desktop/College/3.2/SE/Project/Project-1/Code/8/project-1-team-27/./reader-web-common/src/main/java/com/sismics/security/UserPrincipal.java,com.sismics.security.UserPrincipal,setBaseFunctionSet/1[java.util.Set<java.lang.String>],false,144,0,1,1,0,1,0,3,0,0,1,0,0,0,0,0,0,0,0,0,1,0,0,0,0,0,7,1,0,true
/Users/shravangadbail/Desktop/College/3.2/SE/Project/Project-1/Code/8/project-1-team-27/./reader-web-common/src/main/java/com/sismics/security/UserPrincipal.java,com.sismics.security.UserPrincipal,isAnonymous/0,false,56,0,0,0,0,1,0,3,1,0,0,0,0,0,0,0,0,0,0,0,0,0,0,0,0,0,3,1,0,false
/Users/shravangadbail/Desktop/College/3.2/SE/Project/Project-1/Code/8/project-1-team-27/./reader-web-common/src/main/java/com/sismics/security/UserPrincipal.java,com.sismics.security.UserPrincipal,setLocale/1[java.util.Locale],false,98,0,1,1,0,1,0,3,0,0,1,0,0,0,0,0,0,0,0,0,1,0,0,0,0,0,5,1,0,true
/Users/shravangadbail/Desktop/College/3.2/SE/Project/Project-1/Code/8/project-1-team-27/./reader-web-common/src/main/java/com/sismics/security/UserPrincipal.java,com.sismics.security.UserPrincipal,getLocale/0,false,89,0,0,0,0,1,0,3,1,0,0,0,0,0,0,0,0,0,0,0,0,0,0,0,0,0,3,1,0,false
/Users/shravangadbail/Desktop/College/3.2/SE/Project/Project-1/Code/8/project-1-team-27/./reader-web-common/src/main/java/com/sismics/security/UserPrincipal.java,com.sismics.security.UserPrincipal,getEmail/0,false,117,0,0,0,0,1,0,3,1,0,0,0,0,0,0,0,0,0,0,0,0,0,0,0,0,0,3,1,0,false
/Users/shravangadbail/Desktop/College/3.2/SE/Project/Project-1/Code/8/project-1-team-27/./reader-web-common/src/main/java/com/sismics/security/UserPrincipal.java,com.sismics.security.UserPrincipal,setEmail/1[java.lang.String],false,126,0,0,0,0,1,0,3,0,0,1,0,0,0,0,0,0,0,0,0,1,0,0,0,0,0,5,1,0,true
/Users/shravangadbail/Desktop/College/3.2/SE/Project/Project-1/Code/8/project-1-team-27/./reader-web-common/src/main/java/com/sismics/security/UserPrincipal.java,com.sismics.security.UserPrincipal,getDateTimeZone/0,false,103,1,0,0,0,1,0,3,1,0,0,0,0,0,0,0,0,0,0,0,0,0,0,0,0,0,5,1,0,false
/Users/shravangadbail/Desktop/College/3.2/SE/Project/Project-1/Code/8/project-1-team-27/./reader-web-common/src/main/java/com/sismics/security/UserPrincipal.java,com.sismics.security.UserPrincipal,setName/1[java.lang.String],false,84,0,0,0,0,1,0,3,0,0,1,0,0,0,0,0,0,0,0,0,1,0,0,0,0,0,5,1,0,true
/Users/shravangadbail/Desktop/College/3.2/SE/Project/Project-1/Code/8/project-1-team-27/./reader-web-common/src/main/java/com/sismics/security/UserPrincipal.java,com.sismics.security.UserPrincipal,"UserPrincipal/2[java.lang.String,java.lang.String]",true,50,0,1,1,0,1,0,4,0,0,2,0,0,0,0,0,0,0,0,0,2,0,0,0,0,0,11,1,0,true
/Users/shravangadbail/Desktop/College/3.2/SE/Project/Project-1/Code/8/project-1-team-27/./reader-web-common/src/main/java/com/sismics/security/UserPrincipal.java,com.sismics.security.UserPrincipal,getId/0,false,61,0,0,0,0,1,0,3,1,0,0,0,0,0,0,0,0,0,0,0,0,0,0,0,0,0,3,1,0,false
/Users/shravangadbail/Desktop/College/3.2/SE/Project/Project-1/Code/8/project-1-team-27/./reader-web-common/src/main/java/com/sismics/rest/util/JsonUtil.java,com.sismics.rest.util.JsonUtil,"append/3[com.sismics.rest.util.JSONObject,java.lang.String,com.sismics.rest.util.JSONObject]",false,22,3,0,0,0,4,4,19,1,4,3,4,0,0,1,1,0,2,2,1,4,1,2,0,0,0,33,9,0,true
/Users/shravangadbail/Desktop/College/3.2/SE/Project/Project-1/Code/8/project-1-team-27/./reader-web-common/src/main/java/com/sismics/rest/exception/ClientException.java,com.sismics.rest.exception.ClientException,"ClientException/3[java.lang.String,java.lang.String,java.lang.Exception]",true,35,0,0,0,0,1,1,4,0,0,3,1,0,0,0,0,0,0,1,0,0,1,0,0,0,0,17,1,1,true
/Users/shravangadbail/Desktop/College/3.2/SE/Project/Project-1/Code/8/project-1-team-27/./reader-web-common/src/main/java/com/sismics/rest/exception/ClientException.java,com.sismics.rest.exception.ClientException,"ClientException/2[java.lang.String,java.lang.String]",true,46,1,6,6,0,1,4,3,0,0,2,4,0,0,0,0,0,0,2,0,0,0,0,0,0,0,16,1,0,true
